# filename,encoder,level,reference_program,encoder_sha256,reproduced,file_sha256
gen-341-extrahigh.ape,341,extrahigh,2s,FECC172D21EF7AADD20C0BBE8B5D1CDDBF378A26EB0D1664765146C8F31BB681,yes,B281A2B29B859CDEC9C0E342599C747EE435DD11C3348E5288C118577D610AAE
gen-341-fast.ape,341,fast,2s,FECC172D21EF7AADD20C0BBE8B5D1CDDBF378A26EB0D1664765146C8F31BB681,yes,07DBEC2A1D0FCF81B12B4B5B91432C7243BF121EA39C998D4C3C67750421ACC0
gen-341-high.ape,341,high,2s,FECC172D21EF7AADD20C0BBE8B5D1CDDBF378A26EB0D1664765146C8F31BB681,yes,0D95912C8E83E893C3540E4715325E066F43313ED4A8C9F6EF13F3DE3459B536
gen-341-normal.ape,341,normal,16s,FECC172D21EF7AADD20C0BBE8B5D1CDDBF378A26EB0D1664765146C8F31BB681,yes,16F5BBAEAA7E6A9EC2CFA5E357575AC115AB4AB0194875A60E05DD5BAC18B303
gen-380-extrahigh.ape,380,extrahigh,2s,EE6D77CFC23E352B0922C2F43FD517455BFC7CAA2E385D81F44AF016460FC477,yes,68AA48AFE3D6B793E5F21E1B730C7E833A4980145D74F98A34BC4239560771EA
gen-380-fast.ape,380,fast,2s,EE6D77CFC23E352B0922C2F43FD517455BFC7CAA2E385D81F44AF016460FC477,yes,4F5EB91A80172922A1CF3CFFFA0AD18A62D1D7F9B26185F2103337E914AFA4E7
gen-380-high.ape,380,high,2s,EE6D77CFC23E352B0922C2F43FD517455BFC7CAA2E385D81F44AF016460FC477,yes,903B12E31B495AF3B3CB3D83369A898675EF94AE4741BF5F6C827E4F5DC87F74
gen-380-normal.ape,380,normal,2s,EE6D77CFC23E352B0922C2F43FD517455BFC7CAA2E385D81F44AF016460FC477,yes,4DE96B9F6B27C94EA1E6D9A73315A05F3F3C3455074FF140DEDBFD34CA158EC7
gen-388-extrahigh.ape,388,extrahigh,2s,13F73B2F7FB26A6E06E47ECE0D70459EF12746A0A350FDF6A3D1CE9F409BACE9,yes,AFC7D6600B92E75B0BA73E08F3706A3A414809B7BAE4EA3C0D291CCE3A188E61
gen-388-fast.ape,388,fast,2s,13F73B2F7FB26A6E06E47ECE0D70459EF12746A0A350FDF6A3D1CE9F409BACE9,yes,345D0D179EEE51163C849DE9E8D8F956D23769A38F780777BF63BEFFC72AD1F1
gen-388-high.ape,388,high,2s,13F73B2F7FB26A6E06E47ECE0D70459EF12746A0A350FDF6A3D1CE9F409BACE9,yes,9768C8D155C7E52DAD7A30DF5590F60E8BF4940FB56067D83C87E0454F360381
gen-388-normal.ape,388,normal,2s,13F73B2F7FB26A6E06E47ECE0D70459EF12746A0A350FDF6A3D1CE9F409BACE9,yes,951BFD8BE1B9348C766BA6B6642410F7060A29C35B24B705217EBECB01ACF8DF
gen-389b2-extrahigh.ape,389b2,extrahigh,2s,AF3FFFF59BF267194402C917DC11611BABD4C78539CED9A73F51AF3BB927C952,yes,DB0DD632EA3741C5D9AC78560A2462ED3F667793128270079715A32AF54697FB
gen-389b2-fast.ape,389b2,fast,2s,AF3FFFF59BF267194402C917DC11611BABD4C78539CED9A73F51AF3BB927C952,yes,1788DD29215601166AF30A7CE6CED99CCABB41530D998FC408BF9D36064D2268
gen-389b2-high.ape,389b2,high,2s,AF3FFFF59BF267194402C917DC11611BABD4C78539CED9A73F51AF3BB927C952,yes,505F644AC4A251293AD61AFAE9D425C2BC81B685928C61A554BC3C97246490AD
gen-389b2-normal.ape,389b2,normal,2s,AF3FFFF59BF267194402C917DC11611BABD4C78539CED9A73F51AF3BB927C952,yes,329F4BBAD7C6FE783C6AB89B7AE8D8CC6CDC6128368974FC3FF7C04CAC0E8D2A
gen-390b2-extrahigh.ape,390b2,extrahigh,2s,918B33245118920888723E0F9CD91E0AEA59B7CF31688D7992621C2C69CD13CA,yes,58ECB1BF1C7157090005DAE327BC5B2D99CE5FCB7F7653CBF1D5E50900E79672
gen-390b2-fast.ape,390b2,fast,2s,918B33245118920888723E0F9CD91E0AEA59B7CF31688D7992621C2C69CD13CA,yes,A9759A1FB7189F47CB813CF4DDFDA865BBB8A6E0554F096C8E04BA7E0B2DED19
gen-390b2-high.ape,390b2,high,2s,918B33245118920888723E0F9CD91E0AEA59B7CF31688D7992621C2C69CD13CA,yes,3654E65347952DDC032F5307349A196C6B60A5D151BA6D7FDBD944442F413890
gen-390b2-normal.ape,390b2,normal,16s,918B33245118920888723E0F9CD91E0AEA59B7CF31688D7992621C2C69CD13CA,yes,330F0471DB534BB2808B09DCCAF64DB0F1F1E151C2DB21D4BE6B07B5BA18967A
gen-391b1-extrahigh.ape,391b1,extrahigh,2s,5BC365AF0AEB990A3F93CD3EF7F5074B7C2969B745A112DA0DC857C90DAC1DE6,yes,3D9197696812FB50AA9376144F760DA43AACC9D00B5C569BEB7FA81097DA6A75
gen-391b1-fast.ape,391b1,fast,2s,5BC365AF0AEB990A3F93CD3EF7F5074B7C2969B745A112DA0DC857C90DAC1DE6,yes,9449AEF623731D5E4D68A432DA39CF96E6E88950B7E3FCD5B71CA2331E9DFDAB
gen-391b1-high.ape,391b1,high,2s,5BC365AF0AEB990A3F93CD3EF7F5074B7C2969B745A112DA0DC857C90DAC1DE6,yes,0395F53443B361C98A093D2570E0EAB583F457070898AAA8BF48594D161D5ED4
gen-391b1-normal.ape,391b1,normal,2s,5BC365AF0AEB990A3F93CD3EF7F5074B7C2969B745A112DA0DC857C90DAC1DE6,yes,CC9968F8EC41B535A12A171102E2FD3CFD599C51144C0548973BB5700AF9EE2F
gen-392b2-extrahigh.ape,392b2,extrahigh,2s,98E0D262BBE0714B84BE6978878F8AD6FF989939B9C1CA8EC974050C0D5F6754,yes,2772FBB6E7602CD02F361FF4FAD0DC678F7CEB1D8A89D0E31F4CDC473F723A8E
gen-392b2-fast.ape,392b2,fast,2s,98E0D262BBE0714B84BE6978878F8AD6FF989939B9C1CA8EC974050C0D5F6754,yes,375CC93FC1082E7DF274FBE90F961D2E2E00EBAF62453BC6302081739FFF5AE8
gen-392b2-high.ape,392b2,high,2s,98E0D262BBE0714B84BE6978878F8AD6FF989939B9C1CA8EC974050C0D5F6754,yes,6142074EBF60E087F01CA8A5668543CE7606EC7B0F0B1B3CF56B21E1176D39E3
gen-392b2-normal.ape,392b2,normal,2s,98E0D262BBE0714B84BE6978878F8AD6FF989939B9C1CA8EC974050C0D5F6754,yes,CC376068A6D53AD7E31AA363B90EDE49E94E65513F673908261BEAEB6CA483F1
gen-394b1-extrahigh.ape,394b1,extrahigh,2s,7B23A57320222A4E3F8E54B213FB56B2452368EB319646625479CD76D9074588,yes,06653DAFC643692F707120F25F89F1AC012EAD54BF513C100B28DB96C825C408
gen-394b1-fast.ape,394b1,fast,2s,7B23A57320222A4E3F8E54B213FB56B2452368EB319646625479CD76D9074588,yes,58D64E4B8E2E8618FBB2D394A158FB02CEAB7CC9F5E2FA2319B9F29F29E17270
gen-394b1-high.ape,394b1,high,2s,7B23A57320222A4E3F8E54B213FB56B2452368EB319646625479CD76D9074588,yes,6F612138688AC24874B352F20C032BDA6D55FB7FAE8627F29EA679AEF9B912CC
gen-394b1-normal.ape,394b1,normal,2s,7B23A57320222A4E3F8E54B213FB56B2452368EB319646625479CD76D9074588,yes,2FC7D68B84FFE7FCD76E7DA64F491D1C7028C7AF7A0827571363243C1E52DF19
gen-395a1-extrahigh.ape,395a1,extrahigh,2s,7635C494964982D72E1C3A35459631FE78E80395B24F916F64BF8D17A984A88D,yes,5CB00E6844E69E5563E4E1E825D1E9A2405E4CD28CC73A6B8B0AE41DEB1280FE
gen-395a1-fast.ape,395a1,fast,2s,7635C494964982D72E1C3A35459631FE78E80395B24F916F64BF8D17A984A88D,yes,CF5FEF2DFDD33853FADE9DC83B52365D926887845825ACACBB8F36A3BCEB1733
gen-395a1-high.ape,395a1,high,2s,7635C494964982D72E1C3A35459631FE78E80395B24F916F64BF8D17A984A88D,yes,4C95A1781B157A4CE63DB9A19769C25457EF275DBBDEE7ABA223864E3E3FB41C
gen-395a1-normal.ape,395a1,normal,2s,7635C494964982D72E1C3A35459631FE78E80395B24F916F64BF8D17A984A88D,yes,51493DBEFB0306B5E79FCB8877507B6D7A803D4C31F1B4BEBF3DDECE50D2DFA2
gen-396-extrahigh.ape,396,extrahigh,2s,13DFC1F695CD98E66F8AFA1EFD303F5C9BE43981B42FE321373E9E4543F71451,yes,F3291500CDFF0BE1073FEF84D896E25892B39A158A689C44BC88A8295214B534
gen-396-fast.ape,396,fast,2s,13DFC1F695CD98E66F8AFA1EFD303F5C9BE43981B42FE321373E9E4543F71451,yes,3E23092650F0A84A7980103F92D2F5C7740B295B5B4C867697CD973D4F434A9B
gen-396-high.ape,396,high,2s,13DFC1F695CD98E66F8AFA1EFD303F5C9BE43981B42FE321373E9E4543F71451,yes,DAFE6136446B28800CC7022FBD27DEC3294E9EF228D2936949F0006FF1370736
gen-396-normal.ape,396,normal,2s,13DFC1F695CD98E66F8AFA1EFD303F5C9BE43981B42FE321373E9E4543F71451,yes,5165479A680688B63017611CE7EAC11B1A6C5B7800747F1E02889ECEAF165F98
gen-397-extrahigh.ape,397,extrahigh,2s,BD02110473642C98DB9BE2D5A3524E711DF8439A0406BED331029DC584B211D0,yes,87D4FEAD0C6E17212A5944C8678841E3226C69D3A2D7341B611671B1DA12F1CA
gen-397-fast.ape,397,fast,2s,BD02110473642C98DB9BE2D5A3524E711DF8439A0406BED331029DC584B211D0,yes,3BFFAA4896263DE05C4E1059D9DC0A1B20F8F6B4110A8B752C5C1E6D54450202
gen-397-high.ape,397,high,2s,BD02110473642C98DB9BE2D5A3524E711DF8439A0406BED331029DC584B211D0,yes,841935EACE1B3FC4547BFD7F97EDDC8B62774A2AD6EEF3E4542F08B63A873242
gen-397-normal.ape,397,normal,16s,BD02110473642C98DB9BE2D5A3524E711DF8439A0406BED331029DC584B211D0,yes,7005824DC3FF48A905478C01D1E58CC2506FC45A448A2BABC84D74C6BB19B994
